GEOID,area (m2)
23013,81104121.97420722
23015,17609182.890683137
23023,31577352.7433986
23031,109828428.91423263
23007,502863509.35536355
23003,2091319317.163412
23025,929896429.9445201
23027,13383664.12564351
23011,23471900.515641868
23019,567726181.9421282
23021,1131876845.4509737
23009,196111367.46435145
23005,98398994.42782654
23029,464943976.7234823
23001,6128455.558924956
23017,418238318.81391376
25001,278125344.38924736
25013,209502951.5929658
25025,20141112.307805963
25007,66497541.46341251
25017,388312164.6269698
25005,185011832.3656318
25009,261344839.6917379
25003,746807642.433472
25011,512646860.84289575
25021,165965239.52628577
25019,49126909.692905135
25023,245510921.41104355
25015,305059220.6383132
25027,787119221.8066744
26033,760266134.3997334
26053,100414928.98248744
26063,74946193.44315019
26097,658524478.3816202
26115,31948119.639993735
26041,114452809.75277133
26099,12721764.497892972
26103,1047802374.3452121
26135,891839175.6688443
26147,52214983.35783747
26163,48917576.58345124
26137,415228042.7141865
26055,302991315.74101704
26007,195078610.172321
26003,618608906.5278472
26013,369766760.82773566
26071,348896625.974398
26089,128484621.55607374
26141,319861948.2031828
26015,89917593.37563257
26159,16937748.01372737
26165,613829532.8564172
26023,1381495.0334389159
26027,20017391.22104953
26037,25548330.28179985
26051,348908159.5923526
26061,24813376.043384682
26065,33236663.101129975
26017,20100175.0164408
26131,338801.9442635863
26075,30963468.5047103
26079,651253920.0078409
26095,1159851841.809599
26133,75834607.7426214
26143,825782936.063468
26119,555995244.1791301
26149,5259154.7243925985
26153,1547238797.8767328
26155,1689057.7046522452
26125,50736677.91046645
26001,499795476.6005356
26039,958170453.8495997
26045,7274131.382774428
26019,274887853.12895316
26035,223925550.91987
26009,193977337.9935682
26011,128883605.28666277
26117,103889089.50270127
26121,102576075.25562009
26101,465984368.6552317
26077,20435028.47322067
26073,15583597.223124888
26093,26454206.00087714
26043,913014634.8220072
26057,71612781.9051375
26067,36517878.92342821
26087,36617351.82453642
26091,12479863.853998493
26005,211888821.99546266
26025,10162402.918343045
26031,798230293.7982308
26123,477748290.48454815
26105,248234227.9498827
26151,55847878.878180236
26161,52756877.38907462
26069,501403549.01850134
26021,9544995.526445089
26059,12705091.707447972
26029,212633216.91459608
26111,179166422.22711703
26047,315900459.1242928
26113,434443917.0729387
26129,380846893.89811903
26127,226712211.87969628
26145,117144322.53727539
26107,73636999.86737663
26049,11371656.284246298
26081,54836174.049053214
26085,692993772.9849676
26157,134259468.53499654
26109,69551834.39663498
26083,580226930.5066369
26139,18610445.746814307
30015,562130344.6053649
30023,489614046.6219554
30029,5793116756.880409
30039,519180791.24229187
30057,937629022.2939353
30071,2998932705.8293066
30077,1429613739.6548135
30085,12506826.506440338
30087,298201841.73406047
30105,1720115369.2191863
30001,1429976719.9686396
30013,805016926.1744624
30027,1803425293.1591249
30031,1044515079.361943
30045,1257603653.7429368
30049,2725858407.4119706
30055,766803520.9189857
30059,1634966117.6691375
30069,601655023.2295697
30073,441951427.8602598
30083,150039943.36514044
30099,1054239376.952033
30005,1686772233.180635
30053,8558021948.060657
30043,38833186.25477357
30081,627756453.7686986
30009,700682270.5857983
30033,2348831768.0412726
30007,26217429.360984735
30093,117708987.10578519
30003,95388621.25095272
30035,1625732523.9548156
30061,145196457.78594577
30089,1942062744.7511456
30075,499849129.3680125
30101,37042326.73929585
30067,2698562115.812311
30095,592576908.9262065
30019,134056370.40076476
30037,161377749.30587146
30051,188697.49651033245
30107,299499725.1603638
30065,223418844.62857175
30097,413805704.63111055
30103,24422868.520331196
30109,39769507.51336403
30017,627164572.685814
30021,127821904.33439064
30079,1136682631.8066158
30041,42302012.44034481
30025,101361183.1092824
30011,1484514612.6194205
30111,41098382.01258242
30063,1131109050.8620274
30091,175370604.22319594
30047,461370499.94634
32001,2449886658.0136485
32003,8247066173.569298
32015,241421138.0771374
32033,2726968063.480677
32031,3921062614.5415525
32011,126670077.13225687
32013,5595760365.253546
32009,635341071.9468708
32023,5510750477.344378
32510,11967753.795239087
32017,8408212853.406933
32021,326330162.39952797
32027,1284005094.623899
32029,2578971.889928269
32005,157291081.11561412
32019,320218983.4475627
32007,2170230647.3375525
34003,74116847.54088974
34007,74781214.68913083
34013,32707503.69027844
34023,28836664.15079373
34041,51210553.908443265
34001,416140444.50973177
34005,670136249.9461876
34015,25266081.87102881
34019,87397714.42998692
34021,40711428.19752977
34025,59376986.12259349
34029,516879124.0335597
34035,45958922.15520342
34027,191537091.0559344
34031,58277482.20426522
34009,232556086.9381361
34033,17159895.034718398
34037,206125557.11222255
34039,13847371.543590656
34017,8598802.174729077
34011,53964121.54062711
36013,93341601.1492355
36029,44787161.99355584
36043,1469596313.9981294
36045,141173612.18227747
36047,25741781.55873386
36053,124843365.50224657
36065,241850726.04607576
36077,87295123.76032598
36081,40483469.631517544
36091,121517835.95655644
36115,130201319.20063494
36025,503069833.0529107
36031,2421206766.053834
36103,359282479.2341003
36105,224789634.67970473
36119,43559328.57495323
36123,35778999.439915754
36059,70696832.17690231
36075,212103169.27508384
36009,398479198.7158066
36061,1947103.9032777278
36071,277729455.16857743
36017,320872135.8496899
36113,833184594.9843028
36057,33653408.31773013
36067,84744576.61629803
36019,318761432.80848867
36073,25321003.750792276
36079,128718935.82723705
36097,139946565.29908794
36107,45874445.392481595
36121,39570492.85988598
36033,1172194162.4657257
36051,51895971.471581124
36095,150744747.96765414
36099,72263620.368272
36069,44974332.81000996
36085,30716264.86554747
36117,89683850.22985144
36011,63745975.50347861
36027,61921056.990215465
36049,616935070.7567433
36021,53834238.95552647
36015,8243934.087137853
36109,122945925.05985574
36039,416956451.68512887
36041,3241273377.9678826
36093,15667384.07408083
36023,145703563.80559403
36001,124212677.08699262
36007,66859449.15234329
36037,44776843.32086167
36005,5580090.470351266
36055,37492380.89833175
36035,352353963.55312467
36089,1090883199.7410572
36083,75807666.83080257
36003,222563205.86079893
36101,112527365.44189844
36063,20837744.57579291
36111,855593732.7392702
36087,124747597.15607591
37007,32754434.421250567
37027,194012609.1943531
37039,386288403.2204253
37049,282885043.3577451
37055,549859431.1786166
37059,1087038.4025466773
37069,1186588.9526008475
37083,6021811.087272834
37091,152362.17991600145
37093,4073148.1120196534
37099,316901705.68230677
37111,285983608.4363298
37117,5162906.751952904
37127,1378438.996558536
37165,91692212.19008009
37175,421046403.54213125
37199,154866249.8624592
37009,25299233.692713197
37013,31250147.768827997
37017,41530986.50166538
37023,219003226.2375643
37037,145905155.91930076
37043,270606018.8584745
37053,112625276.66589403
37057,6026738.363557563
37065,1057648.0054030127
37075,461266153.547385
37085,925527.123241392
37089,111527157.83431032
37095,557137104.6272342
37103,289644046.2871564
37115,223327489.27895394
37123,164379516.31311783
37133,223057528.0271734
37137,24429465.29005649
37149,49771039.267411634
37153,136135091.81482536
37161,1043806.704030015
37163,10049412.785188215
37177,392039377.4037933
37029,114785347.02982822
37105,1984503.8639371125
37125,44175146.429574445
37021,124926178.79390241
37107,8984774.832035674
37145,11627507.102178095
37193,1598433.2714740732
37015,33734506.0083037
37101,19356052.033727843
37131,1069674.9533942293
37159,4402334.066137743
37183,117112171.96545802
37051,12013015.379461104
37139,17484681.14517349
37019,129233756.3423544
37047,25635415.634240057
37079,283186.56493540376
37147,10927180.408000764
37173,106238963.04670258
37031,262546362.12291244
37113,631695724.502583
37001,1599278.4144338798
37189,11106659.364048367
37121,80956694.21004562
37141,262684574.03864685
37087,294283782.53853256
37155,2616089.167213021
37097,1824894.600872945
37169,1814413.1113364478
37179,3067330.186431594
37025,3718313.894826279
37035,2810623.3608238264
37143,70203.43480548447
37191,10263892.977466293
37033,62947829.33022028
37185,2222506.8575567515
37187,215061633.79621753
37109,1977048.2586944408
37197,2231187.434919825
37081,8327749.725369705
37119,40451803.46694323
37171,32126875.639344204
37181,4827758.5418212125
37005,2453272.0936670913
37041,570028.64569584
37061,29064399.48545332
37003,99304.99482056318
37071,1300577.7306349608
37073,56696073.357214935
37157,8759442.835522339
37195,2698007.611232248
37151,42982460.139183514
37067,3658826.2355293552
37045,5851717.908643953
37129,20932105.488856606
37167,748021.260390029
37063,108851599.1093525
37135,61795540.967939295
37011,131002644.01483822
37077,58843356.291389085
39035,82247131.34129347
39039,3625908.951954047
39043,28832150.889782175
39125,539152.1449607385
39137,619991.9133810984
39175,4058337.994111992
39047,810135.3074951705
39061,52230937.633177504
39095,28189896.361668505
39115,320613.67037819885
39167,5533021.389275042
39123,18140133.281311616
39055,69413379.39788197
39159,1500751.3304517101
39105,1197667.2508918305
39099,99202501.55717023
39103,8751967.88318775
39025,9942804.25111253
39053,1018689.7413629667
39067,0.0
39135,11549593.847479077
39119,36747583.145024106
39127,602656.1450900343
39163,15776002.447593443
39009,49252533.7230149
39171,16435977.243697103
39147,4823557.387986809
39153,109864279.23408389
39131,6442434.331655007
39007,31160202.3240525
39073,42204573.529930234
39077,12569013.050871193
39129,5286130.568790636
39019,525658.1763223426
39097,571343.7839017424
39151,7525697.279181923
39083,206213937.1669816
39091,3394375.0368253994
39157,5933496.911884046
39117,79030118.9962531
39143,8479314.164444353
39165,4451557.112487625
39133,18894515.172154874
39013,911310.1103720408
39107,2084367.105157931
39121,214468.70806990474
39017,31356014.416639064
39155,47060206.97652526
39001,25982058.850778643
39169,1514393.5775759157
39071,10721112.518571062
39079,410130.6770481977
39069,1230788.7888546083
39089,8964653.676975094
39051,9107825.616816347
39059,918307.8939708561
39081,3854102.9461064674
39031,150678810.71753156
39033,9853585.109384257
39037,4911885.652155767
39057,10691192.232586473
39065,2523387.141507833
39023,4995462.4911156
39139,217977115.27319053
39041,36155287.74327023
39027,4313637.357435912
39005,78232729.54470177
39015,1344947.406411604
39029,1690697.2151943701
39113,9690010.52875549
39141,85655756.0048015
39063,8898305.654577913
39149,822111.8291465141
39085,22956806.108981106
39109,2534929.561920548
39093,15294944.171316652
39045,2131191.0451908153
39173,10859408.374672094
39087,776905.3565796636
39145,1573958.2483960509
39161,1259933.3500663792
39003,2795005.8440008783
39021,15016860.040363785
39011,472397.82775435376
39049,99692993.23292631
39111,618130.9902949528
39101,23081172.682479043
39075,39539841.481050685
42005,57167083.75724797
42029,87384931.56040524
42035,1318513111.9773421
42059,68320636.68545629
42067,114272768.0424628
42091,27238032.81520016
42111,353345527.4670254
42099,250516683.4915887
42103,519174352.46777546
42127,102960835.25843497
42133,73534448.05244274
42003,137841559.3699464
42027,965147939.2049521
42033,676625747.941265
42041,201118822.21474054
42045,27516129.423013162
42051,272521168.6314431
42061,587264793.5593238
42071,79048255.26021643
42089,353675263.1690369
42095,78332226.30668102
42049,119137447.61504921
42101,15987722.236558998
42043,301958887.69894993
42097,104999433.89611328
42031,112678057.12262186
42131,156512270.05708113
42023,614136466.7789172
42055,294873838.21239156
42017,68002574.48132747
42073,29393377.48846342
42083,257464260.22576338
42121,144567345.2934413
42013,425387056.8828602
42117,801861527.9697634
42011,196121522.24128246
42019,139408900.73651353
42105,1167763020.823172
42115,69914782.21980932
42079,394107798.8343198
42047,692802777.1126518
42075,127723130.42846757
42123,368619071.8479155
42119,289073369.3767436
42063,114415706.29144394
42065,210420718.00517392
42081,1017496164.6997321
42069,184327451.1168458
42007,56638461.75932814
42021,454590342.9056545
42037,117605010.04101242
42107,319416746.1152836
42001,123818220.28529361
42009,404569873.30088365
42053,432771566.1212449
42113,423233720.858046
42015,240969458.75413376
42109,133114995.54933366
42025,226155392.86072224
42077,57833980.06438472
42087,252676148.90416226
42129,216241202.4053007
42057,220744563.86321872
42085,44656442.590805516
42125,83862236.53009412
42039,228113741.6773759
42093,2160155.330358593
44009,82411412.11476444
44007,79740728.61596146
44001,3160307.771914044
44003,29443140.478818815
44005,17311171.44271415
47001,11775865.442325547
47003,987851.0250217082
47005,1829041.4125634502
47019,5619792.247914594
47029,495382.92744958546
47049,45933064.24487556
47063,13030183.768781122
47073,12787135.362977104
47081,100171.79857920915
47097,3891617.881231082
47121,15215191.868053515
47149,14607560.65697812
47173,109067166.68720654
47057,13231695.441797776
47091,17850.166579808858
47107,17096155.85686091
47117,352104.081854223
47123,678073206.8339182
47143,18835329.527350303
47151,8239720.058274075
47155,1900815.8720087819
47157,11281776.370920854
47165,6267929.4595515225
47167,1387636.5528111204
47185,15655.744952631601
47189,4324801.348084076
47013,39151659.20429368
47021,3521837.057556147
47031,4339936.369084405
47035,5106314.924801666
47037,16252271.47824832
47041,154630.32713517273
47065,48476159.831883065
47089,2205859.8318196987
47025,841762.0110240502
47053,1906793.087881318
47135,24748.907673694102
47163,2308639.9146520295
47009,2757530.1032849723
47129,14412.871149239603
47045,28599464.47889648
47127,4623.081962672222
47145,2125994.0246445974
47183,15098058.728144843
47055,1092510.87460134
47085,128974.22944421745
47119,516589.93425682164
47147,7283736.069649324
47105,380004.0577695782
47093,17985038.92856522
47115,1279570.1137207889
47125,8568667.893799193
47101,40393.23775199834
47087,45430.76612802909
47139,431980161.2136434
47153,119127.29481123225
47169,53969.295293150586
47177,16880667.44626067
47039,0.0
47131,1523476.2399713013
47181,204960.23802062328
47075,43420723.60896685
47161,93209.75268019704
47109,17426.429787481706
47113,464275944.0412236
47133,154167.8835678167
47043,836498.4578907276
47095,165999.20489683741
47099,2208164.704919846
47179,770318.9933647566
47061,4006042.903479188
47069,8871684.46199425
47071,1297149.0730237267
47103,353003.212428036
47027,168883.76481124575
47047,2376672.938519318
47023,34418451.18487473
47083,21350.713485334494
47171,8336707.304980755
47007,77751.8188037375
47011,7742001.732785193
47051,1342842.8443529422
47137,63053876.25376867
47017,9956703.285234304
47015,59398.96700795371
47141,1733103.6815251864
47175,0.0
47059,1241877.197390516
47111,21731.82833497665
47079,4984196.400107804
47187,2769364.6104850317
47067,56979.38285294229
47033,3007513.785346482
47159,118209.49334437562
47077,13820529.646197956
48011,95999.28867826318
48025,8063971.091907702
48035,541191.6210630701
48053,682128.860330257
48055,881859.2197525504
48083,650249.7061650035
48103,390025.9599094143
48141,105175376.89982371
48151,306462.60533572466
48161,50353734.892551094
48167,12358571.48970711
48199,239689577.32875788
48213,1594025.8806064418
48229,119658152.64647786
48241,106459159.81355327
48245,41411596.28458388
48261,154571860.62695596
48289,7066723.093588983
48317,89219.15413445412
48333,350311.46408029966
48347,20567664.31366689
48361,32431518.06401097
48371,230652.95416626724
48395,1888948.9442492279
48423,27002994.730823908
48427,325810.95602517464
48457,63752446.68616255
48471,826505.8722423413
48475,201984.85971070593
48477,4137434.5531297578
48499,16584090.598896315
48007,1439636.788533765
48411,372776.23976266885
48429,314386.66441393003
48449,16067545.665860845
48453,110062265.85972615
48455,59570351.151520304
48467,1100516.4694484114
48473,931670.8050748492
48479,4496347.919425959
48001,76483240.65296319
48005,253796942.13045555
48029,84524985.20700812
48037,32558038.610588565
48043,424047076.8089734
48051,487460.58806959126
48057,104395833.11094676
48067,19607563.467471145
48091,627773.0834504856
48109,282363672.5769006
48119,406675.5362899564
48173,5952.518041701283
48187,7565430.3317741845
48205,4331260.052065757
48215,48312845.84226717
48225,825848.7508442384
48263,113121.63448031875
48273,91215397.42579548
48287,438172.12197284633
48301,0.0
48311,74865056.96841653
48315,26724014.361390032
48339,45291523.41480881
48343,46783327.30172397
48349,7526743.192489144
48373,81384770.36125596
48377,287727.23586207285
48383,108616.83057409547
48405,301432294.4653141
48407,2135389.9858461916
48089,645312.0288206728
48135,933680.6459449613
48203,40506461.529416
48323,5001514.321349364
48351,351526.6924816699
48379,308863.03654656914
48409,45324744.42692352
48465,256597857.51287755
48065,111961.14755588191
48157,13230856.740341742
48419,11900183.854117645
48129,179194.01790158477
48313,349263.6574129614
48175,4637208.844116449
48503,958517.7546929574
48041,2655827.0474048182
48079,128349.33204758995
48341,186898.35876973043
48015,2107874.1901416667
48277,1324246.2342926268
48391,250116.6265121522
48469,2998275.2764607077
48061,281395011.7521238
48185,1586063.248733637
48239,633308.1407949984
48389,492333.13806622685
48283,25177555.18886772
48401,85203076.34710668
48459,1581877.4706127848
48309,5379662.784243243
48337,1098971.5088524378
48355,13656761.696648935
48275,183787.1992192387
48441,1585341.8336733892
48451,1054777.687422439
48045,1413503.9806947475
48145,924073.1049152655
48385,76166.80935037447
48399,599056.2790887064
48093,652422.7035026277
48485,3409414.9200149504
48489,22987977.244892504
48049,731324.6832663825
48069,132273.42830133805
48107,263992.90441301605
48507,213985.50054007384
48251,2181976.2300285795
48231,10445262.225473294
48279,355644.17314672517
48497,1994712.6369262654
48413,129717.96860218268
48017,23268235.96093011
48131,150976.65838763517
48143,1112413.640622538
48163,383337.48619677016
48165,993005.41487462
48179,8708678.584774919
48285,3079558.5308315125
48303,16072294.495016601
48365,10485050.943031717
48009,246438.8169223855
48417,230881.63620943794
48421,143315.6417828085
48431,85671.22935003252
48435,109285.88769399302
48369,150825.6616196717
48381,31490170.29817716
48487,370718.15206661716
48493,1321303.5984964988
48139,2217780.23908998
48403,95715221.69118895
48481,1178350.4490443
48353,712533.9078153205
48357,284670.0593936682
48367,12722115.723287331
48221,953348.2382950146
48227,4921379.471571866
48097,2339465.479011402
48113,73957921.66458294
48445,306601.6566349608
48483,272007.85159564094
48127,36760808.57072573
48149,4983407.262686251
48155,104733.63506780831
48183,3818267.6394843427
48189,425484.9153513101
48397,738354.8509588251
48267,138171.0293457729
48271,1551585.2883778797
48177,607111.2428894495
48191,267351.02154520695
48219,408562.33670568414
48257,1705459.7777375565
48247,93497.9051882269
48021,8286231.683573764
48197,353837.7627004074
48209,39692666.88208283
48233,147119.95786386784
48307,580858.0630055002
48123,639433.3417979403
48125,181888.96224458396
48077,466556.29678056063
48081,192081.38948438616
48087,2108852.4012608984
48235,45343.48619783574
48243,11098066.825566793
48249,982185.5882599702
48281,474165.265413297
48291,15098270.104882885
48253,851733.1609246746
48085,21626726.69435934
48095,168448.53655073658
48111,511787.85366686975
48115,435634.68315941683
48047,102741.19388256304
48105,357953.7554613883
48439,31594655.712602288
48121,56389562.75894461
48133,804747.0800083913
48269,15826.479177058092
48327,127669.84378982725
48447,125846.07701095364
48305,157689.03960914558
48331,1253671.2809858178
48363,4999582.070661948
48137,7650033.789523254
48217,41831759.62921697
48299,6273376.311482855
48027,3319013.7636240507
48375,264048.9682909944
48461,80040.85054052922
48495,482066.5441101339
48415,358466.5720174182
48193,529715.049712752
48433,123044.4124449481
48505,134401.5464772692
48059,314562.47221505945
48099,1535777.1100197812
48319,2217820.3530785446
48359,78943.26088822067
48425,371965.4721910245
48393,276400.11240776966
48013,951618.2084373663
48023,258814.79055796275
48033,27723.67946847237
48071,226806.0888507288
48019,9583267.836701456
48181,51016293.22307777
48195,150044.44943989432
48211,22423774.825125623
48295,4691475.278859527
48297,66157069.41536713
48101,114971870.372908
48259,6021407.749806826
48463,1184640.3729010182
48325,3792240.9660179727
48329,5041623.992597928
48335,409198.8609839494
48443,39888.56694431835
48491,58934748.69800822
48159,219330.36857818413
48039,26472789.571294177
48223,691130.0644661643
48321,13808164.273104824
48387,1963833.6544206562
48003,86985.49370466628
48265,2169269.4822598263
48293,1112718.978471774
48437,148749.44203237758
48075,2523821.3660496376
48237,480119.69747224555
48063,2139893.0051389458
48255,26249304.683910053
48153,128172.15157519192
48169,166260.8634453764
48207,363915.2285007526
48201,112553378.67063048
48345,149017.23303991128
48073,4163727.0308678667
48031,332624.86995926144
48501,70938.92809061744
48117,150678.41772664076
48147,1278882.3589589112
48171,1493097.280982969
49001,629031924.8019395
49003,586104410.551277
49011,344763403.66974366
49029,620818421.8799877
49035,547512526.1784971
49043,2465275253.0139704
49049,1786697515.0647223
49025,5647431029.291658
49033,331875348.8489926
49045,1316156602.1511993
49047,1384373194.1908314
49051,1989047581.3287985
49007,371106062.9298375
49019,1784538139.4000661
49005,1953369680.5024872
49023,797353643.559251
49057,920253367.7853509
49017,5114011171.310991
49037,7401537730.625231
49009,676761787.2073538
49021,92426861.55586354
49027,2507052460.21853
49055,2436177446.439499
49041,3081497695.0138674
49031,823157209.2583517
49053,1814718671.3021195
49015,3943975713.9895215
49039,25321281.274499916
49013,2967031817.178714
53065,2205040803.5840683
53005,503589675.0029929
53007,3012477046.622397
53009,1422794757.2992423
53015,181516851.3140339
53025,991068837.5988845
53031,2413168455.316219
53037,1641594620.2144399
53043,216939844.80071673
53047,2589970742.8966255
53049,102576460.30269608
53053,1245066172.190621
53061,1828957053.492535
53071,14600861.100102235
53073,2783799219.9727445
53077,1662308911.054719
53011,207519348.83777502
53045,323467173.98347986
53027,363759673.68516475
53033,1566218263.002657
53057,1125242751.5294547
53019,203547057.41623312
53075,12785446.48563586
53067,337995972.80132914
53021,184947099.30013597
53055,4649997.6530815605
53051,1084235506.0231018
53059,3672761724.205609
53013,95437459.3182821
53029,17730245.21416691
53035,80453703.49357027
53041,2040381401.5937672
53039,281194039.72923124
53001,60759119.86553764
53063,549592739.961217
53023,29442070.81903886
53003,238650929.38817033
53069,3509964.7143897535
53017,250857881.14973903
55003,381196640.5785012
55043,83697726.41390572
55113,827688599.3558912
55023,51055287.2603983
55037,195303589.63364804
55051,1067031516.5205724
55069,466987211.3866595
55075,1069118394.8616748
55111,107134053.49429835
55001,119259092.49466969
55011,75368424.84963712
55007,901505119.18815
55057,376597644.5768148
55121,15457409.472552821
55123,52714137.14458533
55077,29354666.869316187
55085,833598634.9704721
55105,27406859.59662825
55119,114016311.76926625
55067,569179067.4425443
55073,305580363.6335756
55127,57948044.654596016
55025,160851707.32844248
55039,88472198.3418266
55059,20635865.767106023
55015,43951851.37148909
55021,52198149.97644771
55005,90987643.3836847
55089,21131656.417961355
55091,22868824.25221138
55071,43667351.649218015
55083,195377704.42219007
55049,54728840.022080615
55031,1438658147.887934
55101,14218929.825564217
55129,519472333.7806825
55135,16369940.525331074
55093,15311776.724045247
55097,146919176.07153288
55141,360963261.3105137
55027,174226140.2565064
55133,92705084.33995825
55045,16876355.472276893
55033,132890006.03333667
55087,54818367.24827323
55017,180159406.85337824
55019,535202268.5743571
55109,74307363.89871272
55137,20373976.988820218
55115,60534240.776667
55095,186336148.0887458
55125,889766547.897988
55053,769215122.7376562
55047,28280010.156739753
55055,75928663.89345859
55041,67692533.1875475
55103,34837342.744741805
55065,17362662.93055522
55078,347908.25000200345
55013,768620586.481788
55009,30046406.050412092
55061,489008.71139864455
55063,92540846.30127558
55131,63063936.222150326
55035,241971720.55622116
55099,445224970.5349978
55107,436365238.32893693
55117,82830296.61449522
55139,41500003.121097356
55029,54961523.1421557
55081,75399925.2037836
55079,23447800.51981328
24003,97723453.27238029
24011,40741999.97516075
24033,88533701.51700741
24043,101828873.00816669
24001,244928827.92024273
24005,201882362.39165488
24017,101882176.52992813
24021,117583818.37752964
24031,559544905.3167877
24045,126061004.72486213
24029,30563327.678151768
24047,207084026.07700738
24023,359535107.04986906
24015,67640605.07796054
24039,233608019.93597022
24027,68983637.24297759
24019,338637625.06380415
24025,34297502.58456894
24035,37887045.53127671
24009,22944704.959082164
24510,8361929.0598712135
24037,48556928.31702793
24013,62087346.08373117
24041,11932961.218953853
01001,40037499.3451965
01005,110826886.69274715
01023,16281417.52665871
01035,398049.49066917406
01051,27782513.528240077
01055,1595951.947983851
01065,185618533.5910219
01089,153772017.4162121
01113,68819871.92326716
01117,14239313.532571353
01049,35456227.62521533
01063,16450377.719211912
01087,46145979.44137909
01091,904850.5970749788
01095,2139427.1216791333
01101,1976771.5366034573
01107,82949.61010831271
01115,2127018.7282722276
01119,11679383.507017916
01131,1049033.8801261836
01043,1414405.9155550203
01033,143578663.97787532
01041,4363755.137660497
01009,696721.1561014797
01047,41993992.49451959
01039,1312800.8036284053
01061,29730527.93716582
01075,1630794.0217617496
01013,578687.6445522808
01015,188045073.79672128
01073,18172977.942663573
01129,21669.698476711772
01071,23831475.673009608
01021,163160546.25822568
01027,594369425.5331514
01029,547194217.3644817
01093,119695.3185350399
01103,51101304.66045168
01133,17739076.22215748
01059,366448.6719043617
01097,20352667.422155105
01037,76111205.90328875
01017,848346.0974861472
01057,351432.00789570174
01111,114880.3268702707
01053,4585094.464520137
01067,577551.2074771242
01077,6831844.267689928
01083,55699396.46841244
01125,103186041.46481311
01007,441535971.0069962
01019,49018281.890574545
01085,5466998.432832
01045,8289184.310350447
01105,459247161.4043353
01011,11008480.53280784
01003,39609447.71692493
01109,1862144.5749720605
01127,457915.90006260003
01031,829039.67836451
01123,4422219.217500914
01099,11366321.103991594
01079,87657424.19648041
01025,442198.1658875355
01081,28559027.969653424
01069,4349496.277125294
01121,410597913.65292645
02016,5326834337.387433
02130,12624440637.669905
02180,7480720652.435832
02282,13508925442.723452
02090,15747893.759810288
02158,5591834482.37039
02240,12496456571.079731
02050,6575314668.240613
02195,7515043683.693284
02100,3368285861.5079875
02170,1487698960.2425933
02290,106733657406.7081
02070,5577172196.107193
02110,6963636504.03289
02150,11010513438.798115
02220,7478407642.433664
02261,42789505005.02412
02020,18530116.63450129
02060,201119731.67666495
02068,8593373787.994585
02188,52599679033.44583
02230,403810168.4167702
02275,6671871226.751
02013,5324840799.452194
02185,65178712627.057755
02122,21301533406.084297
02164,24706190810.995296
02198,13299428957.983034
02105,8384645966.106795
04005,16348568364.92833
04009,856699392.2676581
04013,3994656621.280382
04007,1034042700.2393023
04001,423223305.90265125
04011,795719237.4036816
04023,179565199.30820212
04021,827842032.0491704
04003,942507007.6656413
04017,45706525.07526964
04015,7300267876.977585
04019,5498323160.231147
04025,3354723040.7914433
04027,4105230295.446121
04012,1635374111.5164955
05011,119445.47628404561
05015,519823.2613847917
05019,1530089.731382371
05025,32065.005005434174
05063,976294.5082795701
05067,289951.6423302884
05121,43544269.70231905
05061,364470.31146513234
05093,2284258.009542897
05095,155026244.26639044
05099,364674.2080208222
05103,238427.80532791218
05109,8340868.716624252
05117,236622.71508206302
05133,240643.61825992985
05147,117396.73463802872
05003,653933.8022251562
05007,53704449.33185258
05013,21600.374097247164
05045,34555578.26581467
05039,195647.92100990203
05001,10874623.835312214
05029,144438.57264877763
05057,5197504.781974894
05041,203553.0859898085
05119,78540616.19712076
05073,163611.38996422244
05085,21315648.361621182
05145,2170892.5036830623
05017,1577265.2150969035
05053,95468.6432818633
05069,3141768.726135082
05107,209988.57965043132
05043,169017.89015933327
05049,3585307.533913245
05135,22522.775866183456
05101,0.0
05105,59308.81596362014
05115,365145.02371246327
05005,688263.3422564197
05009,34232.61569242916
05077,110622.62167105555
05129,915245.2200701135
05149,1538149.1378061126
05021,72346663.0865001
05023,71469.19641567656
05037,972080.4442138141
05051,106248370.37833986
05089,66093.75329888103
05113,95778149.79164432
05055,1090610.5931387325
05065,6243992.658006363
05071,189983.18290915637
05083,17572221.259063534
05031,1048429.5136334931
05123,266270.6668463061
05141,29195969.46625036
05047,8259329.468677976
05137,308025.9701829955
05111,1792054.516703652
05027,432166.9202438931
05125,3419803.902058917
05079,52049.081639123615
05127,45734720.0155552
05035,249545.2938251307
05097,390656561.5401723
05091,1926805.6642304708
05087,52023.27023199223
05033,6876230.163693449
05081,11738184.70345224
05139,511801.37766842893
05059,44589.165897672494
05143,12510959.591491785
05075,194657.78224365556
05131,32633195.642007027
06001,260032189.131843
06003,1032171924.6164124
06005,90144817.58967325
06013,370433097.9098424
06019,3906765188.3447843
06023,2954643154.3873906
06033,1224459019.2806149
06037,3450274781.861091
06047,259746797.39297956
06057,415942770.7807129
06081,306585275.1174312
06085,882338950.8289382
06115,35219386.983377375
06045,3201088251.827428
06051,2849783825.702474
06055,249384316.5733391
06059,159041032.07008547
06069,126988925.18926822
06073,3201755904.6003942
06079,1218629689.49689
06083,1478258296.3295958
06097,202260243.14044347
06101,2033031.6458325363
06107,4997219638.499819
06113,185046173.35916853
06039,983089457.3134663
06009,23288599.31680366
06043,1035443393.0921918
06095,126698430.80405964
06063,224927364.89078367
06093,3315223616.5413213
06027,5124196980.595635
06053,1233273361.7618077
06099,142211161.2192349
06091,211869624.11781582
06089,2113558925.8282187
06011,92315952.58301938
06041,411790719.7812339
06077,5861464.728678112
06031,5918050.239168639
06035,948858711.7114468
06075,4112388.155612845
06021,114910979.34138203
06025,1207318389.611493
06061,528662606.41922736
06109,2253538971.8299656
06111,1487234727.3484046
06103,1589478957.9374063
06049,501347004.63720965
06087,381794867.3019561
06105,3837393305.0055275
06029,1455683421.957
06071,22097821383.397408
06017,1217437621.5438774
06067,52054667.146909416
06007,81435171.8073105
06015,2063223970.7464397
06065,7297698849.542439
08013,187583687.46088108
08029,449371150.6700337
08049,1808518013.8615806
08077,1410725429.7991936
08083,301410013.151591
08091,159259153.56440127
08019,757834237.6077938
08023,2516397.7317534364
08031,29441972.387769688
08037,2759299081.019161
08055,293244610.5788796
08065,194797746.2217784
08071,875658429.9945563
08093,2907237491.798041
08105,285928149.98626024
08113,156406070.4619448
08043,413622567.9495545
08097,2100267491.494094
08035,691330530.2701883
08027,189120494.38447037
08051,2073527953.221913
08111,385465475.964875
08005,29941592.03380717
08033,190402390.01753184
08069,905850430.7554107
08117,1578712623.0298855
08001,91581447.26822743
08021,1132091514.243895
08039,568667.1569039916
08059,586860311.6306784
08073,626785.7025356396
08101,77446324.08602631
08121,255313.36559047978
08125,1669890.135076861
08003,349261607.0561739
08015,453346423.12887466
08053,1611896305.904367
08009,2718610135.694722
08011,7372522.341779222
08017,426771.6496069612
08115,170185.39562028932
08014,4070864.184859053
08099,311261.5635398872
08041,480971688.7815839
08047,122187638.13180558
08089,1092990949.4998074
08103,1245044752.73404
08109,2014054801.3921103
08119,611508010.0713357
08081,567202002.5792644
08085,735214240.5065271
08061,99806.01677981632
08075,11246222.512568332
08007,477289420.97609895
08123,786720589.7679378
08107,522395086.02030045
08087,12951725.394952442
08063,199255.8675715585
08045,2191054452.6014214
08025,141238.6792393165
08067,837578557.596023
08095,147646.9140683241
08057,783723275.7035055
08079,712577171.183651
09009,120144053.10126773
09001,82830340.22318788
09007,185919881.86214665
09011,160068925.71929008
09005,200414386.93837854
09013,178674810.65017152
09015,197398163.0346792
09003,223461647.70044735
10005,164025705.64145312
10003,54581156.84424466
10001,170172030.83139232
11001,5018142.434423062
12009,957590415.8528945
12023,35405814.75774476
12039,60121128.93265239
12055,246264957.9667559
12065,381168883.2066696
12073,504761954.77021325
12095,349957641.71215886
12107,316959503.1011316
12123,315714122.98011047
12127,780081037.7495495
12131,72862457.81195633
12133,6568049.343710792
12077,1268202062.8450718
12086,3134688305.305772
12093,341266057.7052495
12097,725916215.7165313
12033,117982604.86087266
12037,1075742511.991789
12041,34151944.135048665
12047,13266670.108836232
12053,280282402.9474361
12071,265367911.19706798
12013,4006038.710259878
12069,837132056.5905808
12129,1026054825.8251201
12079,30820388.103595845
12113,737657826.460814
12057,225165665.98889092
12089,61931016.50015478
12075,696722339.256567
12045,173841029.77221
12105,577963043.4942386
12121,37098537.01104609
12029,346301082.7522172
12007,32979991.09136175
12115,361820446.2316717
12035,66248187.76690127
12059,202912.91534065883
12087,3538994551.8126535
12109,258223375.01635942
12111,6060435.182514372
12031,351469801.28448856
12119,458903392.12337786
12099,1646661590.0334733
12067,223989060.96903315
12019,435724858.45157415
12049,155103.86183070947
12001,411398773.230001
12027,200305628.39816523
12061,330442955.1601303
12021,3710566856.2404346
12051,368266934.6876141
12005,28601789.79370051
12063,75337240.57660018
12101,350438534.80987954
12081,65969687.77458707
12011,1952731765.513608
12015,693035104.661275
12003,66281190.13433823
12043,309389624.1474795
12103,52330640.56462523
12085,243668350.9179837
12091,301103727.9388052
12017,508125959.56921846
12083,1609034372.5215313
12125,32905.20586663837
12117,98804990.01383176
13009,2656130.4058165597
13027,1027306.6698058299
13103,622880.6152561244
13121,12801377.641432082
13141,69815.21479514749
13149,56476.472314487146
13179,355009.6024097501
13183,853923.8957056312
13189,166952.3516264919
13209,131245.1300392911
13229,275451.60524971207
13267,540986.447955801
13271,243295.719056979
13291,175526629.1825795
13305,432319.7869610641
13319,45497.01318288146
13283,92906.32307764588
13289,22315.011310840277
13313,47811359.78914224
13317,150758.34659633966
13051,26630735.82457748
13077,788870.056528514
13123,154199552.207247
13133,106529290.65990908
13137,158213462.89485636
13139,2356847.252642938
13143,302575.550465203
13157,1622960.9453005756
13171,165422.05285136975
13181,5554.874137694782
13185,33725367.409135796
13195,190261.63746607996
13213,212775138.08116248
13217,4340580.780347606
13237,151248320.08127895
13245,10607967.166256594
13251,140196.97805240584
13269,774405.3316441188
13279,268845.332549462
13021,7060726.538883889
13029,513610.7260385486
13219,3212765.809220631
13007,21604787.668016646
13001,172235.19850327144
13079,16029.983681109814
13135,7241719.36385855
13311,170240765.82471952
13261,1775350.7873789666
13025,21491419.61965392
13075,4716285.71923738
13303,299556.66691741336
13201,25597532.864745744
13265,37859.93322918333
13107,372795.81694518507
13215,12659082.776896914
13301,0.0
13309,73585.34279935161
13031,754599.9041598763
13019,315072.4776434067
13113,1031081.2545085608
13151,7083307.907935828
13191,0.0
13063,7315451.521600481
13159,147290003.4223208
13003,172960.31744109324
13117,5044306.029700793
13169,69692918.60179596
13197,110687.4721404903
13059,3373768.7857972225
13069,697830.8094506789
13083,213244.51741102387
13145,374093.7545304271
13023,276927.8769617461
13037,27662037.18037667
13053,2223.33697543834
13093,296740.6538518519
13111,304734505.5520631
13243,200544.57040028044
13257,96141925.76316603
13287,253266.65662450495
13295,75930562.73428087
13233,5723389.0325407265
13239,25661.551370703284
13205,6409950.897728624
13315,1441931.4404367995
13273,336063.88030934695
13073,6019290.212780348
13223,10465550.415115345
13047,623793.6792061845
13235,34724.97926097676
13249,63024.7070830241
13065,118552792.63936202
13161,480662.85391357535
13011,4154064.9197963714
13207,2062777.6180489324
13057,6257336.7336667
13085,67596749.38297403
13225,16331350.062827539
13253,43104005.61552423
13277,920130.909922303
13015,9826359.360404603
13095,49107772.07594327
13049,1510323462.5717316
13177,171657.9714820625
13167,128906.77925437273
13043,506260.01303874474
13187,82437014.26546936
13099,416350.91990214336
13089,14458822.877084695
13285,336766.43655034516
13115,29388682.499325484
13125,20960.053264537484
13255,2115273.149034199
13259,123568.09914675701
13067,11560624.203098776
13081,421320.8141726907
13165,773361.9956868697
13299,868824822.8403367
13307,60479.55451601574
13035,208692.35566754584
13193,336482.5724087174
13293,502450.6682584291
13055,82205524.71214548
13321,564879.5029739336
13101,46699.51490376948
13109,103856.70998390579
13211,1524464.380943839
13005,138285.00333485022
13045,1149083.0238288164
13087,74902443.2230988
13061,855483.0542251721
13199,246610.33508249652
13091,357124.62549315864
13119,470470.8001171621
13129,34924460.17183202
13175,406303.90353726404
13247,9911073.74262375
13147,92864.33382274836
13017,1403342.6911330016
13071,1995564.815257859
13033,35273661.30612954
13297,8059261.493728679
13231,160810.38218044277
13275,12247954.860704053
13227,1263414.043454699
13281,130025843.17689198
13127,760067.8843294703
13173,1453793.3082680341
13131,2804344.732720689
13013,814058.5438353812
13241,599596885.2673017
13263,111478.61687280073
13097,54271998.58049743
13155,1565906.352625036
13153,440687.1117922727
13105,777834.7275372689
13163,2862489.405958614
13221,16610054.652376585
13039,37023367.11547948
15007,524258523.7752679
15001,4657366996.567364
15009,147975705.14768237
15003,517109897.7794075
15005,52218.66887779381
16015,303048129.94030714
16023,739711918.4488647
16025,10307647.165892608
16027,1209515.0229208367
16037,3827281702.826126
16039,1070625813.8657016
16043,230084066.37889093
16061,1516078.9980409178
16063,435368471.7879217
16085,2968411030.278926
16059,1962848758.9817271
16073,2610755337.332223
16083,30935053.536919322
16087,928271.6507321416
16035,1079128608.716337
16069,3819757.1377898045
16041,14779934.713902632
16079,138742394.3397279
16007,146020665.80276966
16013,2180869249.39255
16031,99057144.70621955
16029,22437941.672982436
16051,49230771.29062942
16065,451299.10131790984
16009,29126665.579719372
16019,231048202.9454707
16021,1915608177.3852372
16045,271542.30055211036
16075,279829.4330744125
16033,7332.668628881634
16053,1581145.552326941
16071,87215.36571765778
16001,922321944.9216025
16055,48533523.41775258
16081,393325.95486414083
16011,196738310.41874173
16017,360727270.4117357
16067,665219727.2188367
16077,218297250.31641597
16047,169761631.7500664
16003,73777.68635525656
16049,4238769364.5444155
16057,144197830.8895761
16005,32852678.948209215
17091,12438275.705905017
17187,873928.3800053906
17197,150909253.2644496
17027,838429.3138824995
17031,350725340.9715278
17047,75328.40325809435
17075,11089709.029657243
17129,2529075.924203933
17161,27026502.411995165
17175,773008.4269336482
17185,2816025.3257876527
17153,1113327.7547815058
17017,101284742.27693206
17125,70398572.30338775
17007,4562540.411377167
17003,48849745.03869929
17189,785716.8060430298
17067,7412086.491540969
17183,19958089.845333062
17053,376955.3404464526
17073,12575640.326532813
17097,113034492.75040528
17059,1149147.2545893919
17063,20901814.061402604
17011,27162717.74125639
17015,16118167.907777874
17149,186946.46988397453
17159,17276838.77496691
17107,465898.50684386963
17115,28114362.16403537
17121,820293.5218158147
17131,843918.8238381196
17135,613590.0990735972
17145,237045.64495160274
17029,583161.25148878
17173,913071.7810820244
17177,8230181.499987853
17005,243193.81130043953
17021,1052200.351696207
17043,79717606.65282108
17137,4329834.050384596
17019,43781071.83371957
17179,41405973.048534036
17057,86717024.5931373
17041,3062151.524913891
17051,123748.97572061664
17023,4967876.971224543
17061,111942.23602241454
17009,181647.7460258696
17085,53957054.58753673
17089,88240424.86148196
17069,6025780.955292015
17151,57925937.87738815
17071,27039015.31854326
17167,11658326.534683922
17203,6899942.6888193125
17147,6343556.600206866
17141,25011330.547411736
17157,46534920.64403928
17165,12740876.555444717
17081,2337784.5111194537
17133,16925090.936741058
17181,237840931.565561
17191,284870.88646111067
17195,24279384.778121173
17109,1768834.5326801804
17113,18796436.055363216
17099,23439758.82371196
17103,33662293.8318426
17105,4341939.55594687
17123,30688528.16623924
17083,33921948.34583736
17111,78006257.27406842
17139,363787.5970850151
17193,3783055.8379559075
17025,224335.28202552168
17049,1585217.5858369118
17033,788123.1008018402
17055,872803.3537643377
17013,18336660.481320307
17095,22846493.02155019
17035,117406.02987380383
17039,12223297.323364405
17079,5080757.928844098
17155,3314024.426802932
17101,256716.71678841743
17117,660030.5792854477
17077,208273801.02935594
17087,1861345.0278648583
17201,31265904.168665938
17045,129351.0030764542
17001,4095252.4293155256
17037,16251050.825748615
17093,19787650.35127153
17127,6852502.857562377
17119,28156210.623476226
17163,44937976.47698355
17143,66091165.14360246
17169,3684157.2961238576
17171,183656.75303492494
17199,33175909.414874237
17065,6800977.416891541
18027,767900.1166659574
18061,1423875.7705127802
18103,2437692.4865741213
18129,18206286.169639185
18147,414520.0378876429
18009,244119.05955563093
18035,6097466.736489898
18067,1378553.9133109155
18083,2155711.184140757
18159,309373.25712443603
18175,379678.4624098149
18071,95169188.07032828
18179,1294802.7839746035
18007,300153.67206315504
18051,8210246.813354806
18123,259211819.9988481
18021,1902199.985504264
18125,2453489.779558431
18053,7100220.018078476
18099,8313661.092121877
18101,39357703.186058305
18003,17497879.112374235
18031,502185.38035754726
18037,18454922.13169005
18041,848234.3669387635
18055,55473402.136386335
18065,1199768.8820715728
18075,4850291.511302903
18085,3585621.8271891833
18091,3943187.6226904304
18109,27377195.4658589
18181,396870.1197038718
18095,2026234.828237903
18097,26351251.97254381
18017,3768119.725134982
18115,1377253.7900398194
18119,10310895.051838523
18121,14813334.573198948
18133,10463345.938384574
18157,6777665.0862466255
18111,983504.5682352268
18143,332800.1379243297
18171,2036603.78462521
18177,2836456.3327882322
18059,1097955.9353365544
18173,5317053.556486404
18069,1712529.482694984
18073,1451508.2588672389
18029,690133.1567009771
18131,31949102.15905521
18139,347477.28292126977
18105,166306425.5817877
18117,144786592.89963314
18137,111322669.68750976
18043,527657.6909788604
18141,20510728.073149387
18149,531616.5488645552
18005,1719420.0899988017
18015,828765.1952656959
18163,9107271.573666165
18165,3092570.639767631
18169,1691414.4226890602
18001,469808.17317591497
18079,56117301.8648542
18093,73069334.40574989
18155,394363.9002930216
18089,34553740.271363005
18107,9461300.214284612
18161,31915379.31984342
18047,38400165.992644526
18049,961298.9552366834
18057,11212338.206384929
18077,69899825.25687073
18127,18309447.43579193
18019,3108180.059021023
18033,816660.9858613064
18039,5966644.36268371
18045,1636463.261040041
18011,1697123.17550437
18023,1606475.290089652
18063,2779905.859808767
18145,900439.8586753149
18135,245907.7858028133
18153,28510769.645259038
18183,13395787.132820139
18167,20742688.821643364
18025,98702633.1952981
18081,4954182.372799003
18013,176752351.6457544
18087,5955806.082245314
18113,4337388.213415451
18151,8121162.108861534
19175,22375719.87514409
19001,6601961.6422793865
19045,36507727.35981984
19083,11719148.9190744
19111,39515520.85041191
19009,1239781.2928979443
19027,6979222.9877208015
19075,1100953.0092347916
19113,52170164.004495904
19147,40209063.35107938
19195,34417656.86358379
19087,4023327.0275562606
19035,4497380.536769452
19003,715690.6369765153
19163,31504258.65312349
19007,87727697.43586308
19017,32356695.727415565
19025,6588351.02839995
19103,105659430.84815347
19117,72134674.75340429
19127,9419870.19248342
19131,9200625.539886467
19135,20888035.20145021
19041,235004255.04318464
19049,35731829.590108894
19159,33760417.966729715
19165,3846941.826140653
19169,51442326.7655501
19189,38184133.04359964
19097,71354744.56116217
19141,13074408.817566337
19055,18820753.576948855
19073,17111149.069364455
19079,11101994.879058344
19191,36082809.83146907
19197,25644598.620686658
19181,47261536.46384977
19185,20211938.101320367
19187,17726535.74926686
19171,29757365.043348335
19077,45565224.69141158
19081,33956879.34936807
19089,8175302.8537725555
19167,10145113.280464426
19173,1767207.8855886965
19095,37414778.83493533
19099,44967271.00340645
19101,4648794.753229701
19105,18217160.075939074
19109,35844820.24060853
19057,12340272.079019602
19161,21601241.48588446
19137,2888955.730151535
19047,4213087.566002709
19043,77416640.84980136
19053,32344451.243162952
19133,49042253.38444545
19071,66765381.67870208
19023,37169381.59437298
19029,3271950.0077282316
19115,84616934.33129978
19125,113017930.35385399
19061,49755615.723073535
19067,7991216.440941011
19139,42082805.632085405
19143,9675266.792790819
19153,156590833.85119146
19157,8765865.100407526
19005,176047693.8540058
19013,38521869.84713409
19019,13802382.665007833
19021,31019350.166018303
19037,7701246.6908519035
19149,27367774.754860844
19051,14402039.3372545
19011,22663342.157379933
19123,23979351.15826605
19015,57667744.85432169
19065,28868191.83841407
19093,618272.0525560585
19119,9806136.840340246
19121,8972229.477957422
19151,18118443.03459616
19179,21214530.189571295
19107,15328997.95490977
19033,44110498.44361692
19059,117820694.38533682
19183,17521907.682469357
19063,36260960.69995732
19177,32319272.81244105
19193,43129355.0919646
19039,22553801.154662825
19091,3784000.079233506
19145,2713963.767814393
19031,6420240.695543274
19085,54990876.16564544
19069,9235928.685775861
19129,24790241.901293665
19155,15425933.037631813
20053,267844.65436703316
20095,70075.57026137525
20135,227171.62215004393
20199,94278.1490655237
20069,144764.4082141639
20143,698257.5581644916
20181,754483.7612350747
20033,174149.89112595937
20149,62254155.30791827
20083,65625.38944699623
20203,1067366.8368842003
20065,24558.733645528366
20067,355.1167233575688
20195,89907.62801004952
20105,306528.9715088926
20109,879125.4143912626
20111,20718369.345637996
20113,419807.009839369
20049,89537.92112949629
20057,756279.839184098
20091,11672449.71118467
20097,210043.11812922586
20101,15945.98335959431
20063,57317.02931784737
20073,2141508.989584829
20077,168652.17032270198
20085,915531.8589953531
20001,738520.7913409618
20009,110449900.68030699
20015,929391.8442656125
20025,75088.17420336758
20029,312198.05931171955
20043,429908.4768720145
20087,3984223.9331995375
20089,1204071.6228389493
20023,876527.5883548227
20013,698093.9155519289
20045,10999554.765457269
20051,635955.4385502845
20055,397609.96233106626
20173,5384639.610326856
20177,7323149.700322312
20185,83682255.55628398
20059,447099.9101373462
20175,136325.0959111396
20017,44226292.110862434
20183,480044.671612
20189,156781.63334837704
20037,975062.686498221
20027,441118.6291304936
20031,55270006.427633256
20159,3209787.8569596144
20169,968542.5968670237
20125,2233188.659876931
20209,7590582.707431088
20131,3285380.209996122
20141,276742.0117945364
20193,393483.66528572864
20021,387052.9232533587
20147,44155052.12389515
20151,23277121.412401576
20153,9537.45318197021
20061,261103.30237944928
20171,145848.63288282583
20071,0.0
20123,253569.40944050948
20139,2530755.151196209
20191,471236.94834931416
20145,302062.19447476475
20081,0.0
20093,117316.74836305002
20163,319557.2050927029
20201,372817.070938387
20205,349919.8294307962
20167,185221.9567651237
20127,239556.36457311505
20129,258469766.32626423
20133,399466.0118618455
20187,149070.02432303957
20003,4764857.605868037
20047,158005.10062676566
20119,1860832.174087786
20157,1728315.6761484102
20121,433245.79545760556
20041,247777.16292839957
20137,122599.30969463431
20179,26226.43722739819
20007,409476.06226075516
20117,24684524.52121909
20207,10443985.222254913
20075,157504.64287423337
20039,53471.66699757742
20011,585516.9645435684
20005,8962322.719060875
20099,1044197.0602441623
20103,9665765.185758537
20197,432477.55116847466
20161,55234656.56969891
20019,114237.9101584162
20079,1207543.8056736283
20107,28409323.73726024
20035,10874089.238039427
20155,9793486.732478423
20115,689541.9192914825
20165,121694.28461363679
21007,36445805.27344161
21017,365582.2455270521
21031,12479551.708269516
21065,2374588.379039134
21069,14458774.818037536
21093,3843242.1300057378
21099,35457893.06523598
21131,58127.99763909049
21151,8703007.350631537
21155,5838817.605009973
21179,15182106.235254213
21189,46970.42110558809
21195,59932294.74107977
21217,37164566.85961106
21237,12949141.773292998
21239,3784555.056749452
21229,308387.30148320564
21231,280799.17181473505
21005,8172839.244380924
21025,178475.1914347656
21029,15356429.193980766
21033,14991600.176584234
21043,27012573.352665514
21049,195183.79743277762
21063,7121493.390993168
21071,206848.0684913945
21085,19323932.862509783
21097,392714.59950738837
21109,132875.91447918795
21119,11781939.576120345
21125,439231.0311061863
21135,2019445.3386640307
21139,752422.0486448504
21153,226970.24927569434
21159,54451.379812860134
21167,2453122.117343737
21181,27133858.32970324
21183,1112273.4330332011
21193,117121.61892259915
21197,18422527.45754694
21205,604175.8860684203
21003,390600.50752652466
21051,128520.30001962114
21165,83718.20660880742
21055,17734673.8702764
21027,38103678.46713876
21147,223657.48709541847
21175,21050375.538343668
21079,5968359.73402382
21123,8912417.623061555
21209,10438122.319227466
21235,391423.69581019116
21203,3679739.094299925
21011,3128128.053521287
21067,4204545.098064403
21101,51696526.65722484
21133,174541081.9626593
21089,359033.7610615097
21187,12456271.487821253
21075,27651403.75699259
21083,8840474.565451466
21045,375186.78859591356
21113,2214823.531561922
21141,1731881.2795632218
21201,73020.69049569966
21041,19887397.641706247
21207,1642670.454538939
21021,395178.033505784
21137,5142345.281628285
21001,53163668.17959859
21077,262363.2485682978
21171,410710.21269579814
21103,343517.02894881746
21013,72383013.05656785
21173,373984.78429692966
21199,7915361.0363959335
21227,1679121.3894544276
21213,905156.0558707771
21111,25136928.29986191
21129,14997903.027128039
21169,5946040.0979517335
21145,14779261.723353598
21215,29450113.17363154
21221,9347323.124284007
21127,365909.40819809394
21039,3965614.3890224416
21163,11589166.149508286
21191,4676609.31803999
21143,671894.8742015586
21219,7568578.883969187
21073,2565598.2544614067
21047,79227409.68878268
21081,383502.01523599745
21091,204711.12307807856
21211,1139608.5839320421
21015,3726233.70881555
21087,194308.96733631493
21019,808091.073394675
21009,22390284.455784805
21035,667089.1539413423
21053,128967.13370486275
21157,26491256.826000754
21117,4280972.016264002
21105,44042980.1275188
21061,188043803.22631884
21233,3022918.0237749363
21059,2650498.685079122
21121,578731.3558843951
21177,2656625.3393587032
21037,6904571.89789874
21023,174542.31894481223
21115,24813634.14775476
21095,33262910.489875413
21107,16617736.206711974
21185,1770372.9743367797
21161,4679328.405249475
21057,4607298.812610211
21149,3656794.5423427974
21223,4113895.9358620797
21225,27267685.353707597
22001,7890904.209606609
22009,3085667.2562987995
22011,600779.3623717022
22029,117471743.70452374
22031,541388.8622684405
22033,21067959.487078283
22047,38076398.48181137
22071,117081323.00736474
22081,114556.94928130331
22099,26654336.07766537
22119,68885221.41602679
22035,74934.58477394645
22045,608640.1149939843
22053,299598.33778741676
22055,1358365.2347995425
22067,203983.67781685482
22069,544294929.5892415
22079,454313234.1695333
22097,50856484.933313765
22107,79485.98727723806
22113,6844569.57446091
22117,4726183.192539054
22123,301345.5441676574
22017,10303930.195642572
22115,485086515.1977069
22111,451274.2560601173
22005,73990187.2955544
22015,4781413.630261074
22025,129728.48020168603
22037,86787.56952680607
22091,1260326.6593914947
22109,46193222.94284453
22065,11633592.694929874
22105,160463392.8378972
22043,586920350.9917746
22127,453406414.31087315
22057,99956157.01599735
22077,715250.1651548377
22103,156745282.40633598
22063,387812028.8421353
22101,127651902.4986714
22095,195691825.62446856
22125,71124463.40241133
22023,765823959.226661
22041,426463.5619899206
22051,2319290.844571782
22075,572486.9299219651
22003,299825.40194278816
22021,2621159.556509224
22121,34026864.027480476
22059,252075.70537634086
22073,6343885.143354862
22083,734320.0103266432
22087,203696.17178017797
22049,217335.9325972303
22089,3073236.491679168
22093,132378906.72626077
22027,81026123.41112682
22019,6590942.380673116
22039,1418324.5974753816
22061,681329.7744362779
22007,0.0
22013,353984.44456061866
22085,3287856.425584003
27023,50670769.0180253
27053,60424024.50191579
27077,688991871.6348027
27091,12756010.070380453
27129,17009257.89611115
27139,21174536.596473344
27163,24481018.27973256
27011,52433065.467615105
27013,25241733.260337837
27031,1912737164.9207892
27061,1734411508.0354483
27073,130518758.48373912
27075,2570477245.1749306
27089,471421224.424214
27097,26490054.320539523
27127,40198127.48229596
27161,9262995.306243114
27171,26422346.11138073
27015,34624892.50580572
27167,27608473.911978368
27021,1428803680.8733242
27087,246644515.51143315
27173,21894799.373951208
27103,14476878.361487793
27137,4299008533.148056
27067,17265459.51210012
27119,121226773.53835574
27069,291626132.9328654
27107,26076140.194943495
27145,29227756.01730131
27153,43088409.32995871
27157,74006804.99442057
27095,159670812.23898768
27101,47827707.990489736
27109,26836716.066054035
27125,9761707.63850253
27071,68348500.01325144
27081,36680096.21167891
27033,92738278.34825863
27043,14224070.633037465
27141,31737820.806102026
27147,12204160.85048149
27151,45036229.544592716
27131,22836119.885595046
27135,460966047.6158345
27083,41295352.77265289
27093,11069354.508895112
27099,7363695.260550056
27117,9346322.921289438
27121,14025905.633713474
27041,26516004.76287918
27045,45342411.696022704
27123,9940838.938484563
27001,580727767.4961784
27005,639226426.1714995
27133,15969329.788360171
27019,22490202.750521377
27029,230665618.92267007
27155,6414309.536153007
27159,150689621.15200117
27169,126879487.35542172
27059,22313218.54761906
27055,68505011.14148901
27085,12003990.895913916
27035,26082698.760878827
27017,102388556.93476734
27049,45153001.43626995
27065,79757898.55134603
27009,8817990.09470649
27057,520946833.53229976
27007,1965042493.6291428
27079,15904540.506942969
27039,3973527.8805713137
27063,55066653.04394041
27111,91057357.98951219
27165,9303087.89237274
27115,387802881.47285616
27143,7616459.0326442495
27105,22409766.157339286
27149,13072785.261647956
27025,44099934.292174146
27037,60300639.611896105
27051,19257551.42330403
27047,9308760.60600201
27003,102449681.62644553
27027,55490392.78180264
27113,26886341.468544133
28007,161850.08744428703
28033,18695157.43213615
28055,176969.06757618178
28075,290656.5088781914
28143,15871.866674105217
28157,67281.39600196813
28163,93152747.49282165
28149,92638000.2256014
28151,291028.7209476954
28001,14328055.264156027
28011,1673714.7892358545
28029,650094.606910791
28043,1260355.792176654
28083,10195725.053205129
28087,7216325.221518557
28103,90696.84190498164
28121,216658.7538623899
28141,958801.5743963443
28051,69754.14945185781
28017,127793.5860398862
28089,931241.2411502881
28109,179994.05808953787
28021,78018.23846060177
28053,107379.72023022884
28137,113243.63016114471
28049,3807874.5897856597
28013,0.0
28023,166334.50771101177
28047,38582180.06345339
28153,66610.46085127964
28159,122132.59622172624
28161,5889.425078479389
28115,124464.72491747976
28129,5627.776789727456
28067,25196024.622523703
28071,2665274.977064627
28085,6250.152417691888
28133,389867.7065960488
28037,0.0
28041,4058263.28662172
28091,128431.65079735883
28095,1371368.6482152292
28105,253135.21061395333
28117,2448.359368015671
28125,0.0
28059,268544558.7361041
28107,158514.65340340562
28065,0.0
28069,3237358.257344036
28039,106025744.65882246
28005,6404.310227626247
28113,48015.93203940352
28063,15411.36157838519
28127,365539.0501460299
28015,38722.85540781056
28135,0.0
28145,153132.34048288158
28019,54025.17135379743
28073,293171.30796313856
28025,2086836.6712047306
28155,46995.528220460095
28031,374620.27821405104
28035,1836955.494208054
28099,452282.68613446766
28147,58313.058562657185
28101,194821.87629265146
28077,60318.88746958819
28097,246602.12492202947
28111,20652167.700453337
28045,983593.7726278875
28079,17989.83144298941
28139,63282.26832673492
28009,13100.078677768048
28131,202007.12637522054
28119,149261.8615351356
28057,366915.82326721493
28081,85523.90700997616
28061,137811.45284129947
28093,18973218.19217891
28027,61451.27533626476
28003,5975731.084773623
28123,47754924.50783453
29057,319583.9753583558
29143,1448554.82283694
29157,9877550.501958463
29189,77640599.19593842
29199,16836876.98588368
29207,49602459.46565231
29023,7359669.7301066285
29029,278635142.0086697
29031,58994086.045837805
29033,4044442.001571116
29041,49033464.259574376
29069,2437323.541292791
29087,29208240.95038482
29113,23993742.237586517
29159,26613009.418855526
29183,94226835.3461184
29195,49415533.85310883
29197,331268.03976824816
29201,1565460.452611441
29019,39980853.52420466
29013,30797725.940488346
29095,35538629.46297006
29227,170960.52303375464
29027,41006265.158920385
29171,1239741.7187248024
29005,533247.4746332279
29009,28858146.19488014
29203,324753944.3174491
29133,10903539.449960535
29149,67293124.76250985
29021,15845649.920681499
29035,92270103.45558222
29081,602718.5208908032
29167,911433.8875088611
29085,9366815.819812901
29173,22273281.583221093
29011,402255.43024058634
29177,2279583.0219854494
29017,3404898.3000278412
29047,9558827.804990709
29105,379305.6610299482
29109,19261528.299908973
29125,9213376.110106826
29223,40384093.003198236
29510,9175751.516001007
29077,15845341.564105295
29001,15584023.493740441
29119,1749147.568227428
29061,475756.71363431145
29067,2742787.9870505943
29055,97115816.66949628
29137,108055574.82956937
29135,11209685.165011145
29221,675432635.198938
29075,465658.9673609367
29079,697170.9476035662
29165,15222867.005238105
29225,7632701.409159127
29093,102950852.3297322
29111,30446169.149300475
29025,1468001.1092235225
29091,29695173.64025808
29181,9743680.466811165
29107,12312771.53166542
29053,41565199.93451524
29131,293273720.4554502
29039,581727.2626195608
29051,32692725.80089671
29147,22213430.94941959
29151,8805008.485166052
29185,445696.99798486347
29083,8940787.947620278
29097,1918070.6344196105
29117,26617023.815369412
29121,1603654.717641002
29139,15443662.184291275
29141,640382408.6119541
29145,2552632.8844094975
29205,1705142.4536956537
29211,23958792.902000334
29007,550528.3752338906
29215,82917028.63446692
29219,31327457.50188685
29045,342945.6334652589
29073,6252520.619113765
29123,17876353.66811702
29187,766903.4850663899
29186,20427755.298606273
29229,341716.5644730424
29155,1255279.5507415321
29059,229380.73765676204
29063,3288217.590058161
29049,2643984.8774691857
29217,52986486.94135305
29037,27818512.498496756
29209,7689128.037902761
29163,18642533.945353795
29169,470603.67064066336
29175,13454408.18599316
29065,63967774.53707856
29153,27179570.548858
29115,1085990.5541590566
29089,40948273.209867015
29003,437665.9045033857
29015,353481002.46341527
29043,339956.36368437746
29103,744103.5165778252
29127,1117568.7630039419
29161,12495156.010166494
29179,6261002.969493785
29071,77082629.08790712
29213,66178511.87276917
29101,31882727.052911628
29129,466876.42658694525
29099,19637648.778020993
31091,899925.1175379112
31167,7753025.495461527
31103,5560583.326185658
31151,1976346.553702379
31033,272750.8396174565
31009,4187244.5040970664
31003,10546637.386822075
31029,18127887.43368955
31171,125164.22480881026
31031,47281879.10988917
31035,17515985.66774262
31037,1226883.6753529292
31051,7566940.5110906325
31023,1608662.992000907
31153,19061107.211481914
31081,3023607.830324907
31109,22196018.664449267
31119,5741821.07533415
31053,556017.6921563875
31123,2596229.887021573
31095,1465199.722933715
31137,20837227.828748494
31133,155729.32072396544
31177,2980719.4724751846
31041,14355985.456801293
31055,25717490.863806892
31047,13699499.717864102
31161,17060092.91066681
31065,1660387.474074512
31071,81235.88771855336
31089,5923966.131319533
31169,5018456.822246917
31039,284617.5279430975
31113,50772.895548398315
31021,335149.8565132139
31141,9021536.807195894
31145,3481833.814778742
31149,1023717.8275629343
31067,996119.2171172492
31077,2930453.7960012984
31097,217933.8023029945
31127,153203.87112970176
31083,1714821.3716777612
31093,2422447.353826358
31173,187117.59443467253
31175,11940527.842761727
31131,553407.4387506461
31139,121470.6304780023
31013,3816.848076577945
31159,7195541.752461684
31165,51.43339063691962
31111,24220377.127535764
31115,6912129.319279371
31179,832342.4995906645
31183,92050.17406983594
31121,331845.89747396525
31125,6598797.608025968
31163,78802.47024265098
31063,16800692.90924198
31143,672455.7109099755
31087,30738852.847760756
31117,125958.01747717356
31181,1953476.57801315
31007,5912699.434394452
31027,2601943.2742365384
31043,194797.50131646634
31099,11608282.308546811
31045,49161957.304767504
31005,235126.09879525148
31049,533498.184581762
31185,8199061.725406992
31107,8770615.915168112
31085,679764.3030020993
31147,302919.080929411
31017,23221642.821723416
31135,135817.10979938484
31079,5777757.135140606
31129,962763.20902448
31157,65432277.48814704
31001,2045292.1935811185
31019,6425036.205555653
31011,282805.3434083462
31015,129409.27831713126
31101,20306944.94268333
31069,5080569.1593138855
31057,1006506.1266921929
31075,3292267.8190490934
31105,109967.09182188592
31025,5873576.7890816275
31155,7652674.73769313
31059,12999284.51020699
31061,8938904.51921253
31073,16070832.208142936
33007,1059002453.8943803
33015,443397028.0441944
33017,158044141.35331383
33003,164440796.76190883
33013,162405419.4858482
33001,43987419.17059051
33005,176789544.17149767
33011,98726607.44388427
33019,122688549.69275251
33009,296300963.5042122
35007,1338791419.1104043
35011,14220629.15384033
35051,649834321.5160513
35015,378797845.68498236
35039,7414004578.088291
35045,1900087279.326187
35055,3486364635.7204313
35019,1813251.5447146606
35033,555779484.9469873
35017,1363559754.8532014
35003,3211910143.508843
35021,601407200.2422523
35037,9905997.96200213
35047,1701631520.1460555
35057,752910694.3733894
35061,97292727.17699534
35001,376181247.6816216
35006,3130730168.1044393
35009,2246044.578651487
35013,3289619975.5646377
35028,145628289.74585155
35027,763868529.4926594
35053,5322215547.000724
35005,402280795.5882037
35041,115243768.95951137
35023,650664530.2326064
35025,17546630.974913463
35059,236806686.8862207
35031,1167377526.5864778
35049,1055300256.4289112
35035,637786272.3362547
35043,2528832070.6488576
35029,322154670.00568444
38017,20367315.370247517
38037,4025133.9023604025
38085,26203556.286698516
38099,7055365.050133665
38005,12083477.071187425
38033,733021.113876818
38053,72691761.87138617
38059,35258018.02424086
38067,26978349.620499555
38071,12022636.579949064
38003,24859506.761877496
38055,124104168.42566039
38097,820973.3869213425
38035,24759126.917296562
38103,47393970.60730455
38045,6683527.212438592
38051,9885976.566710623
38095,1619273.2394623663
38101,2423281.292045094
38027,10291705.066888675
38007,810938.3389783822
38065,3944144.0385998664
38089,9706287.64173413
38061,20712810.126930863
38105,28570906.371661663
38087,3981327.9058432793
38023,7710030.461845485
38001,678975.6367305641
38015,113786949.86760819
38039,4780330.676162497
38029,17130921.895582173
38057,27749847.243794814
38043,67886626.05731313
38019,36924891.947519355
38021,19380196.746013824
38083,114354655.32366706
38009,9021974.434700089
38011,4319456.49345542
38013,2206650.285008542
38069,6216360.325559655
38041,4828741.831635684
38031,3901098.411694002
38079,32694439.432741154
38047,25502444.64646935
38049,9092758.009041697
38073,328041231.69036657
38025,30276047.161128853
38063,10312062.702907749
38081,70886510.4984183
38077,241297745.4913445
38091,5879465.099304965
38075,54097.96145161152
38093,96697603.15644348
40065,694488.4075234915
40073,208012.83538032346
40079,21203437.733359464
40145,2518235.5991572766
40013,427148.4152504711
40027,39856600.50582705
40057,213821.86961122238
40067,219161.71146013762
40075,42157551.29353607
40095,51365.2448730785
40125,670624.0702201535
40135,6841785.44081144
40143,52422722.88497008
40089,13816019.19025733
40113,175384976.0910837
40133,542444.0088412225
40055,56502619.764835246
40117,625975.0844163345
40023,244768.96649771545
40141,30164800.09411908
40101,110092431.09666635
40045,101188485.29445279
40041,78746279.43152025
40151,290833.80428819027
40131,8813366.042566821
40001,8503569.705075739
40005,138654742.64672643
40033,169435.78469507003
40017,3124155.276197542
40035,641874.3991997578
40093,1116726.5813109572
40103,344805.5548656309
40053,211841.49719130807
40107,11717646.80387436
40021,148814179.6205473
40037,38759173.49228091
40039,358210.6549899076
40043,522689.19510055665
40009,68242818.95269921
40019,2954100.1063575973
40069,13740948.056528466
40047,1607345.1779324163
40031,241951193.20876136
40121,879938.9237782757
40127,392036.99262472376
40061,109253.4956659452
40081,717676.8189650573
40071,302107.7097888376
40115,26009602.11473749
40007,113441036.62745382
40105,331457.90205878264
40111,4953109.403109394
40153,67292197.78344329
40099,296707.26161603845
40119,1016170.202214036
40123,492597.290321356
40129,4329046.078248309
40149,195822.57249618156
40091,299803.18568524974
40085,586021.8411036968
40059,24238477.556324396
40139,56117316.5313376
40109,19619456.53869488
40083,2219904.6768863625
40137,1120555.369323193
40063,2230330.9836719255
40025,7470834.5970586
40147,2903114.120772657
40029,18633.418004680687
40049,294991.00275586743
40015,728841.8785399531
40003,129130178.07672864
40051,2339193.580922042
40077,24970181.774111107
40011,1849992.4903994815
40097,65942779.5340182
40087,2265195.9040946467
41005,3069286560.920939
41021,122659333.55787066
41033,287435873.1832364
41035,3112357720.77529
41039,6125555846.915894
41043,2758252414.7912135
41051,439363303.88427055
41055,206364483.65030223
41061,477646760.4594115
41007,1386137219.2652464
41017,3025434774.4837947
41019,5453128647.836715
41065,1716962803.2684596
41023,5174052252.68969
41015,966656688.010585
41031,347694496.46367157
41047,867741742.2138994
41003,750629570.4000295
41025,6998447103.11691
41011,815982896.2063006
41027,856521285.3994657
41049,289013.80694989295
41059,170622681.89805645
41001,355803537.72110033
41045,5223512779.723882
41009,254252077.6122086
41057,2485904573.189173
41037,3405772344.443312
41029,1329316908.7822676
41041,1681257573.2472775
41053,1147975971.6077619
41063,1065614958.2942646
41071,1024211774.1680943
41013,617301172.3735287
41069,250652674.11827052
41067,783650092.1553514
45005,292034.9820210161
45019,10839572.92772683
45025,205806565.9860789
45043,5712369.696788558
45063,22447175.91193648
45077,173577568.0618479
45091,24690853.155915834
45027,1649408.5355075637
45047,606162.3998871756
45029,434113.19606368546
45071,443505.15802492545
45055,24864312.684252113
45059,1086086.575183087
45069,363811.6190880591
45073,14924388.223097328
45083,13875597.311620377
45089,6670108.853019082
45009,6973569.809670291
45057,4652200.125611417
45087,204797.37347764074
45015,21086600.617422055
45067,243384.7151365101
45003,19402095.981505197
45007,4213044.932106318
45017,121507629.39689542
45035,647216.0980392547
45041,7786608.893166076
45045,101968894.1606141
45051,200273906.4589983
45061,1999245.124184595
45021,13084370.80309715
45065,344372.10881699435
45001,125560.44860599977
45081,4005354.4289859915
45011,386901.8828744286
45037,213744.63541941036
45053,902106.1775055721
45039,123927.75304887758
45023,276045.2546485159
45085,104545707.99829693
45079,171965127.2061873
45031,5065776.495143915
45049,141900.87237071444
45075,96996392.83122699
45013,5148138.138926466
45033,155216.70094752382
46073,166354.1103627573
46093,8435202.28661159
46095,162961.46019589397
46123,97153.79579990095
46067,126678.61093698829
46085,245234538.18397644
46117,143258723.3987013
46009,187048.03399459596
46041,282909.2174210737
46071,56831978.46210963
46075,80702722.89697805
46079,394352.9433702017
46127,762149.8575665095
46055,66431.91596156942
46003,213763.57201385568
46023,22529036.030902933
46111,0.0
46109,1756718.8081032736
46121,4452.227873626038
46015,569171.2276026284
46035,631248.9923273805
46039,1057360.5790506355
46049,61616.034167022655
46005,581054.9205491854
46011,875478.0669623502
46059,60487.42434832886
46063,57078.79960412532
46077,187802.61704123262
46087,0.0
46089,64086.1868852189
46097,0.0
46099,4259235.988483015
46125,82880.2771702074
46107,81323.77469476542
46047,205317.3507186279
46007,66481487.0272024
46065,505388.21849530935
46129,69572.26742447075
46051,42874.11368888611
46045,168112.31946218116
46043,90116.76398903441
46057,0.0
46091,4855561.337425242
46103,424778566.77283394
46061,0.0
46115,209221.81184348263
46037,18896059.197401937
46027,308700.0668618252
46135,379813.14341250085
46033,422525417.67901784
46031,213612695.435568
46029,712701.5181645753
46025,108005.96649692152
46013,86695730.43866263
46017,0.0
46069,100967.88112309792
46053,4183207.6545039173
46102,537608415.9066976
46083,3533968.962447233
46081,1231010.834906665
46019,276415.87238947477
46119,0.0
46101,86125.97355455635
46137,586284.488515008
46021,8453.968093963718
46105,1640695149.4683459
50017,30350579.18052653
50027,111939632.28006546
50025,167463735.7192686
50009,217996109.09830225
50019,54464649.97072737
50003,677065893.1089789
50007,135931498.7945549
50011,35739612.434383646
50015,117935744.8676689
50023,156920240.53111184
50001,381549334.6608219
50013,9444705.641700836
50021,360502936.741616
50005,30421616.198232055
51015,791464255.9283509
51037,23136198.920115057
51051,127554827.28568871
51053,7294958.34360482
51069,2798923.0155932256
51073,8280807.546038131
51085,2166354.4398824037
51099,19365040.09374139
51125,18183032.124180563
51131,45908606.53083377
51137,6434435.692854465
51145,88682831.56232232
51149,18224231.096386194
51161,50943659.61567874
51177,25685993.979181923
51185,665152.1951193619
51199,6467873.9755009515
51007,79523739.83098173
51017,772663898.8791293
51019,37005995.76778287
51023,244424506.24890828
51033,8796559.185274126
51036,23281208.397203673
51041,291375773.486504
51057,4150781.238505897
51067,10161644.618527697
51083,22145251.37821285
51091,297402880.2860218
51095,12301111.191083327
51107,32476769.741763286
51111,4107093.098410786
51127,22021009.345210377
51133,5672897.469536386
51143,27460577.388147242
51159,26007827.09712338
51165,670344835.22963
51175,491749.6565512914
51179,8774120.99706444
51187,12999836.459205007
51063,10211346.0355964
51087,6023728.460738656
51005,1161748661.8055847
51029,75020218.56982173
51089,18133335.442430183
51141,45142791.10376756
51193,6312506.916471227
51081,586054.2612760301
51105,154159826.3749498
51195,537906434.7385489
51113,43903972.09097927
51103,6235353.581791648
51157,979728.58137662
51003,34205892.993051775
51031,1150297.0350731828
51059,44915233.606152534
51121,34739773.754774086
51155,2816261.3275418007
51093,21737405.34177299
51171,743200.1258898408
51027,668434.4971256454
51101,23186012.531897143
51147,60458949.41192501
51191,55020018.08087983
51720,7171037.776468566
51740,1082612.1125040553
51810,93481399.2471535
51153,24599105.2070033
51075,14890127.449746786
51181,14650904.935338812
51079,11487924.86266256
51011,46035096.96842598
51025,272630.8757482059
51043,12322390.8246123
51135,5267016.482969951
51630,903700.642177166
51049,10406199.21786324
51685,25770.010311862352
51540,712592.0489737692
51570,3564.7365562992595
51610,53459.01618814306
51790,1020405.1465144991
51830,2867281.8327628174
51173,1652047.5611897532
51510,592498.0360271233
51013,5345533.689015557
51045,80355713.99302186
51580,14650585.588857371
51600,266222.7389473592
51197,30806202.410630867
51115,317511.4333117943
51169,242830599.8106628
51650,5853090.581887646
51680,1648809.8891557716
51683,1554109.6590951465
51550,241757485.40044668
51065,33775586.38499251
51520,159212.28930041302
51750,266042.46444601816
51760,2722382.5290711676
51021,1160111.9545735333
51840,568205.1857584388
51183,3915468.7989705377
51590,1286209.5495333688
51820,88384.68952393868
51800,147961447.2550636
51035,12695298.88570474
51670,240797.7700626512
51530,142823.01077545417
51071,54300679.54462256
51770,1151858.7855306757
51775,604499.1338864041
51620,119791.26766709029
51710,3984653.3796090833
51735,12036010.206085827
51660,2448794.013750596
51640,166821.30965844952
51700,4019038.5348572875
51077,74454.11564274016
51009,36791073.18123133
51047,13265116.721714208
51119,88629.92463192843
51139,481827.52330751024
51730,621012.8359912734
51097,20975438.027134128
51690,279458.83138505294
51167,272112.95051536197
51595,54801.32354420107
51678,198626.72488817252
51061,67280238.84562631
51117,197658143.9363354
51001,29563706.97630433
51109,2837454.58875072
51163,274145098.9209689
54001,6253869.534327211
54005,2116422.3192443945
54021,16598090.24466463
54039,47666660.15936254
54045,80630189.68873353
54047,81380121.50041781
54063,84486854.40337946
54067,207827413.92027745
54087,24968831.39229217
54107,18458671.49778442
54013,7039198.36761692
54017,1414132.5694801977
54019,96628322.24710783
54023,185468128.97470802
54027,97204418.21641219
54033,5277311.466757531
54037,18494610.481080662
54043,29163810.726444215
54065,64163471.130883336
54071,953996520.4209018
54081,37687417.51728665
54093,900782471.3858672
54095,14072710.29442249
54109,78089004.88010255
54025,888767376.4965144
54083,1571511489.161574
54059,120759882.35937388
54007,134215274.22021897
54099,170479595.8724207
54031,235936076.5926473
54057,29249218.645095978
54085,57158745.860589616
54003,71012698.06461562
54041,85910486.76776217
54011,14047854.891001241
54049,5525165.01378254
54073,9212405.118694067
54015,22574824.25762722
54061,51784181.82082633
54069,2576579.2112506507
54055,28055916.58485449
54035,40457072.517303206
54101,424538782.09841865
54097,4209960.052362129
54089,67681580.45843819
54079,31135944.224448957
54051,17114250.85629461
54077,94944503.6638578
54053,64886714.42989575
54029,16011569.590595987
54009,11409568.52253068
54105,51349941.60638176
54103,56016543.62655378
54091,12290852.266457276
54075,2193576667.451844
56029,8840593702.372414
56003,580000926.1679428
56013,2346175351.338012
56031,1540252.586860067
56035,2088912654.083802
56033,28568072.61369446
56039,8269658082.8083725
56041,193173944.58069164
56045,138010.65647004763
56001,23940362.500087887
56005,37257648.286881156
56015,3835345.5840726313
56019,501189603.32571036
56037,1114459314.6613216
56011,66557629.62414343
56017,123019210.82280985
56023,508678088.53526497
56027,119661.14178704142
56007,377597444.690083
56009,389169.27870488964
56043,205384972.263614
56025,158307558.7681227
56021,1132533.8657433568
